{
    "authors": [],
    "date_download": "2019-04-01 03:04:26+00:00",
    "date_modify": null,
    "date_publish": "2017-03-28 14:30:26",
    "description": "El director ejecutivo de Tesla, Elon Musk tiene un nuevo proyecto, Neuralink: una compa\\xc3\\xb1\\xc3\\xada que pretende conectar el cerebro humano a ordenadores. La empresa tambi\\xc3\\xa9n est\\xc3\\xa1 registrada como compa\\xc3\\xb1\\xc3\\xada de investigaci\\xc3\\xb3n m\\xc3\\xa9dica.",
    "filename": "https%3A%2F%2Fwww.lasexta.com%2Fnoticias%2Fciencia-tecnologia%2Fnuevo-elon-musk-director-tesla-lograr-conectar-cerebro-humano-ordenadores_2017032858da57650cf291efed1a7e65.html.json",
    "image_url": "https://fotografias.lasexta.com/clipping/cmsimages01/2017/03/28/A8CCC324-E40B-4ED7-837B-8D6875FFC972/69.jpg",
    "language": null,
    "localpath": null,
    "source_domain": "www.lasexta.com",
    "text": "\\r\nLa idea es crear una interfaz que conecte nuestro cerebro directamente con el ordenador.\nPara ello Elon Musk, el empresario de Tesla Motors, fabricantes del famoso coche el\\xc3\\xa9ctrico, ha creado la empresa Neuralink. Quiere que nuestros pensamientos lleguen al m\\xc3\\xb3vil o al ordenador sin necesidad de tocarlo.\nPara que esto sea posible, Musk pretende introducir peque\\xc3\\xb1os electrodos cerebrales que puedan cargar y descargar pensamientos.\nCreating a neural lace is the thing that really matters for humanity to achieve symbiosis with machines\nMusk lo tiene claro: \"en cuatro o cinco a\\xc3\\xb1os seremos ciborgs\", y con esa premisa ha creado Neuralink, su nuevo proyecto.\nLong Neuralink piece coming out on @waitbutwhy in about a week. Difficult to dedicate the time, but existential risk is too high not to.",
    "title": "Lo nuevo de Elon Musk, director de Tesla: lograr conectar el cerebro humano con ordenadores",
    "title_page": null,
    "title_rss": null,
    "url": "https://www.lasexta.com/noticias/ciencia-tecnologia/nuevo-elon-musk-director-tesla-lograr-conectar-cerebro-humano-ordenadores_2017032858da57650cf291efed1a7e65.html"
}