{
    "authors": [],
    "date_download": "2019-04-01 03:04:33+00:00",
    "date_modify": null,
    "date_publish": "2017-03-27 14:12:17",
    "description": "\\xc2\\xbfAlguna vez has mandado un mensaje err\\xc3\\xb3neo? \\xc2\\xbfHas enviado un Whatsapp del que te has arrepentido? No te preocupes, ahora la aplicaci\\xc3\\xb3n, en su nueva versi\\xc3\\xb3n, te dar\\xc3\\xa1 dos minutos para poder borrar ese mensaje. Siempre, claro, que el receptor no haya le\\xc3\\xaddo el mensaje.",
    "filename": "https%3A%2F%2Fwww.lasexta.com%2Fnoticias%2Fciencia-tecnologia%2Fwhatsapp-dara-dos-minutos-borrar-ese-mensaje-que-arrepentiste-enviar_2017032758d901a60cf20f3e1797a8ac.html.json",
    "image_url": "https://fotografias.lasexta.com/clipping/cmsimages02/2016/11/25/F556A1CC-38DF-458C-9232-C6785E8D201D/69.jpg",
    "language": null,
    "localpath": null,
    "source_domain": "www.lasexta.com",
    "text": "\\r\nHasta ahora la aplicaci\\xc3\\xb3n s\\xc3\\xb3lo te permit\\xc3\\xada borrar el mensaje y eliminarlo de la pantalla, pero no evitar que el receptor lo leyese. Sin embargo, eso va a cambiar. Whatsapp ha escuchado las peticiones de muchos de sus usuarios y permitir\\xc3\\xa1 borrar ese mensaje que te arrepentiste de mandar.\nWhatsApp changed the limit time to unsend messages: with the new change, it\\'ll be possible to unsend messages sent within 2 minutes!",
    "title": "Whatsapp te dar\\xc3\\xa1 dos minutos para borrar ese mensaje que te arrepentiste de enviar",
    "title_page": null,
    "title_rss": null,
    "url": "https://www.lasexta.com/noticias/ciencia-tecnologia/whatsapp-dara-dos-minutos-borrar-ese-mensaje-que-arrepentiste-enviar_2017032758d901a60cf20f3e1797a8ac.html"
}