{
    "authors": [
        "Fahima Paghmani"
    ],
    "date_download": "2019-04-01 03:04:30+00:00",
    "date_modify": null,
    "date_publish": "2019-03-31 00:00:00",
    "description": null,
    "filename": "http%3A%2F%2Fwww.wsiltv.com%2Fstory%2F40226325%2Fprom-dress-giveaways-in-carbondale.json",
    "image_url": "http://www.wsiltv.com/story/40226325/prom-dress-giveaways-in-carbondale",
    "language": null,
    "localpath": null,
    "source_domain": "www.wsiltv.com",
    "text": "CARBONDALE, Ill -- More than 30 high school girls are a little more prepared for prom after picking out their dresses.\nAn organization called The Prom Boutique provides girls in Southern Illinois with prom dresses in hopes of making their prom unforgettable.The girls gathered Sunday at the Carbondale Civic Center and were able to choose from 250 new dresses. They also received jewelry and goody bags.\nOrganizers say the mission of the event was to give young girls and their families a fun day without the financial stress.\n\"Everything is free here,\" said event coordinator, Jessica Edmond. \"We have we have food, we have 137 give away items, we have makeup, we have photo booths, we have some of everything.\"\nOrganizers say they were happy with the turn out and hope to keep the event for many years to come.",
    "title": "Prom dress giveaway in Carbondale - WSIL-TV 3 Southern Illinois",
    "title_page": null,
    "title_rss": null,
    "url": "http://www.wsiltv.com/story/40226325/prom-dress-giveaways-in-carbondale"
}