{
    "authors": [],
    "date_download": "2019-04-01 03:04:25+00:00",
    "date_modify": null,
    "date_publish": "2019-02-04 13:06:52",
    "description": "Presentado por Jazael Ascanio",
    "filename": "https%3A%2F%2Fwww.antena3.com%2Fnoticias%2Fcanarias%2Foctubre-2018_201810095c582add0cf26fb112ebd363.html.json",
    "image_url": "https://fotografias.antena3.com/clipping/cmsimages02/2018/10/09/9E3B349E-7435-4423-B187-095DE7807977/69.jpg",
    "language": null,
    "localpath": null,
    "source_domain": "www.antena3.com",
    "text": null,
    "title": "Noticias Regional (9 OCTUBRE 2018)",
    "title_page": null,
    "title_rss": null,
    "url": "https://www.antena3.com/noticias/canarias/octubre-2018_201810095c582add0cf26fb112ebd363.html"
}