{
    "authors": [],
    "date_download": "2019-04-01 03:04:29+00:00",
    "date_modify": null,
    "date_publish": "2019-02-04 12:37:39",
    "description": "Propuestas para disfrutar del fin de semana.",
    "filename": "https%3A%2F%2Fwww.antena3.com%2Fnoticias%2Fcanarias%2Fagenda-cultural_201810265c5824040cf21a354d9b9af7.html.json",
    "image_url": "https://fotografias.antena3.com/clipping/cmsimages02/2018/10/26/11A294B9-1B2F-48F3-857E-C2FE25C163D4/69.jpg",
    "language": null,
    "localpath": null,
    "source_domain": "www.antena3.com",
    "text": null,
    "title": "Agenda Cultural (26 OCTUBRE 2018)",
    "title_page": null,
    "title_rss": null,
    "url": "https://www.antena3.com/noticias/canarias/agenda-cultural_201810265c5824040cf21a354d9b9af7.html"
}