{
    "authors": [],
    "date_download": "2019-04-01 03:04:26+00:00",
    "date_modify": null,
    "date_publish": "2019-04-01 02:06:09",
    "description": null,
    "filename": "https%3A%2F%2Fwww.newmilfordspectrum.com%2Fnews%2Fcrime%2Farticle%2FMalaysia-prosecutors-offer-lower-charge-for-lone-13730803.php.json",
    "image_url": "https://s.hdnux.com/photos/01/01/34/05/17154400/5/rawImage.jpg",
    "language": null,
    "localpath": null,
    "source_domain": "www.newmilfordspectrum.com",
    "text": "Malaysia prosecutors offer lower charge for lone Kim suspect\n\\t\\t\\t\\t \\t\\t\\t\\t\\t\n\\t\n\\t\\t\nVietnamese Doan Thi Huong, center, is escorted by police as she arrives at Shah Alam High Court in Shah Alam, Malaysia, Monday, April 1, 2019. Trial resumes on murder case against the Vietnamese woman accused in the killing of the North Korean leader\\'s estranged half brother Kim Jong Nam. Prosecutors refused to drop the murder charge against Huong, who is the only suspect in custody after the stunning decision to drop the case against Indonesian Siti Aisyah. less Vietnamese Doan Thi Huong, center, is escorted by police as she arrives at Shah Alam High Court in Shah Alam, Malaysia, Monday, April 1, 2019. Trial resumes on murder case against the Vietnamese woman accused ... more Photo: Vincent Thian, AP\n\\t\\t\n\\t\n\\t\\t\\t\\t\n\\t\n\\t\\t\nPhoto: Vincent Thian, AP\n\\t\n\\t\\t\n\\t\n\\t\\t Image\n\\t \\t 1\n\\t \\t of\n\\t \\t /\n\\t \\t 1\n\\t\n\\t\n\\t\n\\t\n\\t Caption\n\\t\n\\t Close\n\\t\n\\t\\t\\t\n\\t\\t\\t \\t\n\\t\\t\\t\n\\t\\t\\t\n\\t\\t\\t\n\\t\\t\\t\n\\t\\t\\t\n\\t\\t\\t \\t\n\\t\\t\\t\n\\t\\t\\t\n\\t\\t\\t\n\\t\\t\\t\n\\t\\t\\t\n\\t\\t\\t\n\\t\n\\t\\t\\t\n\\t\n\\t\n\\t\\t\n\\t\\t\n\\t\\t\n\\t\nMalaysia prosecutors offer lower charge for lone Kim suspect\n\\t 1\n\\t /\n\\t 1\n\\t Back to Gallery\n\\t\n\\t\nSHAH ALAM, Malaysia (AP) \u2014 Malaysian prosecutors have offered to reduce a murder charge against the Vietnamese woman who is the only suspect in custody for the killing of the estranged half brother of North Korea\\'s leader.\nProsecutor Iskandar Ahmad told the court Monday he received instruction from the attorney general to offer a lower \"alternative charge\" to Doan Thi Huong.\nHuong\\'s lawyer Salim Bashir told reporters the reduced charge was for causing hurt by a dangerous weapon, which carries a maximum of 10 years in jail if convicted.\nHe said she is likely to plead guilty to that charge. The hearing was halted briefly for Huong to decide whether to accept the offer.\nKim Jong Nam was killed with VX nerve agent at the Kuala Lumpur airport in 2017.",
    "title": "Malaysia prosecutors offer lower charge for lone Kim suspect",
    "title_page": null,
    "title_rss": null,
    "url": "https://www.newmilfordspectrum.com/news/crime/article/Malaysia-prosecutors-offer-lower-charge-for-lone-13730803.php"
}