{
    "authors": [
        "The Associated Press"
    ],
    "date_download": "2019-04-01 03:04:29+00:00",
    "date_modify": null,
    "date_publish": "2019-04-01 02:53:06",
    "description": null,
    "filename": "https%3A%2F%2Fwww.newmilfordspectrum.com%2Flottery%2Farticle%2FWinning-numbers-drawn-in-Lucky-Day-Lotto-game-13730883.php.json",
    "image_url": "https://www.newmilfordspectrum.com/img/pages/article/opengraph_default.jpg",
    "language": null,
    "localpath": null,
    "source_domain": "www.newmilfordspectrum.com",
    "text": "Winning numbers drawn in \\'Lucky Day Lotto\\' game\nSPRINGFIELD, Ill. (AP) _ The winning numbers in Sunday evening\\'s drawing of the Illinois Lottery\\'s \"Lucky Day Lotto\" game were:\n02-10-18-21-31\n(two, ten, eighteen, twenty-one, thirty-one)",
    "title": "Winning numbers drawn in 'Lucky Day Lotto' game",
    "title_page": null,
    "title_rss": null,
    "url": "https://www.newmilfordspectrum.com/lottery/article/Winning-numbers-drawn-in-Lucky-Day-Lotto-game-13730883.php"
}