{
    "authors": [],
    "date_download": "2019-04-01 03:04:32+00:00",
    "date_modify": null,
    "date_publish": "2019-04-01 02:50:26",
    "description": null,
    "filename": "https%3A%2F%2Fwww.newmilfordspectrum.com%2Fnews%2Farticle%2FHKO-WHL-Sums-Lethbridge-Calgary-13730871.php.json",
    "image_url": "https://www.newmilfordspectrum.com/img/pages/article/opengraph_default.jpg",
    "language": null,
    "localpath": null,
    "source_domain": "www.newmilfordspectrum.com",
    "text": "HKO-WHL-Sums-Lethbridge-Calgary\nHurricanes 7, Hitmen 6 (1st OT)\nFirst Period\n1. Calgary, Elder 1 (Zimmerman, Toder) 1:00.\n2. Lethbridge, Cox 1 (unassisted) 2:08.\n3. Lethbridge, Cozens 4 (Elmer) 3:08.\n4. Lethbridge, Bellerive 2 (Leschyshyn, Addison) 6:32 (pp).\n5. Calgary, Zimmerman 2 (Kastelic) 12:53 (pp).\nPenalties \u2014 Elder Cgy (tripping) 4:52; Ross Let (high sticking) 12:35; Cotton Let (slashing) 16:03.\nSecond Period\n6. Calgary, Klassen 2 (Krebs, van de Leest) 5:42.\nPenalties \u2014 Barlage Let (high sticking) 2:44; Toder Cgy (slashing) 6:20; Elmer Let, Toder Cgy (roughing) 17:22; Bellerive Let (inter. on goaltender) 17:22.\nThird Period\n7. Lethbridge, Henry 4 (Addison, Leschyshyn) 2:57 (pp).\n8. Calgary, Korczak 2 (Malm, Prokop) 11:12.\n9. Lethbridge, Leschyshyn 6 (Ross, Addison) 11:47 (pp).\n10. Calgary, Malm 2 (Stotts, Krebs) 13:05.\n11. Calgary, Kastelic 4 (Elder, Zimmerman) 17:37.\n12. Lethbridge, Addison 2 (Leschyshyn, Cozens) 19:27.\nPenalties \u2014 Focht Cgy (tripping) 2:21; Zamula Cgy (delay of game) 11:40.\nFirst Overtime\n13. Lethbridge, Ross 1 (Barlage, Mahovlich) 3:57.\nPenalties \u2014 None.\nShots on goal by\nLethbridge\n13\n14\n12\n2\n_\n41\nCalgary\n12\n5\n13\n3\n_\n33\nGoal \u2014 Lethbridge: Tetachuk (W, ). Calgary: McNaughton (L, ).\nPower plays (goals-chances) \u2014 Lethbridge: 3-4; Calgary: 1-4.\nReferees \u2014 Jeff Ingram, Mark Pearce. Linesmen \u2014 Devin Kohlhauser, Michael Roberts.\nAttendance \u2014 4,810 at Calgary.",
    "title": "HKO-WHL-Sums-Lethbridge-Calgary",
    "title_page": null,
    "title_rss": null,
    "url": "https://www.newmilfordspectrum.com/news/article/HKO-WHL-Sums-Lethbridge-Calgary-13730871.php"
}