{
    "authors": [
        "N",
        "Fr Tag"
    ],
    "date_download": "2019-04-01 03:04:32+00:00",
    "date_modify": null,
    "date_publish": null,
    "description": "Am Montag, 1. April, ab 14 Uhr, umrahmt der Fl\\xf6tenkreis der evangelischen Kirchengemeinde die Osterfeier beim Seniorentreff der evangelischen Kirchengemeinde H\\xf6chstadt mit Musik und \\xf6sterlichen Geschi...",
    "filename": "https%3A%2F%2Fwww.infranken.de%2Fregional%2Fartikel_fuer_gemeinden%2Fosterfeier-beim-seniorentreff%3Bart154303%2C4142154.json",
    "image_url": "https://www.infranken.de",
    "language": "de",
    "localpath": null,
    "source_domain": "www.infranken.de",
    "text": "Am Montag, 1. April, ab 14 Uhr, umrahmt der Fl\\xf6tenkreis der evangelischen Kirchengemeinde die Osterfeier beim Seniorentreff der evangelischen Kirchengemeinde H\\xf6chstadt mit Musik und \\xf6sterlichen Geschichten. Einladung ergeht an alle interessierten Senioren. Jeanette Exner, Hella Holzinger und ihr Team laden hierzu in den Gemeindesaal der Christuskirche, Martinetstra\\xdfe 15, nach H\\xf6chstadt ein. red",
    "title": "Osterfeier beim Seniorentreff",
    "title_page": null,
    "title_rss": null,
    "url": "https://www.infranken.de/regional/artikel_fuer_gemeinden/osterfeier-beim-seniorentreff;art154303,4142154"
}