{
    "authors": [
        "N",
        "Fr Tag"
    ],
    "date_download": "2019-04-01 03:04:24+00:00",
    "date_modify": null,
    "date_publish": null,
    "description": "Die n\\xe4chste Sitzung des Marktgemeinderates Lonnerstadt ist f\\xfcr Montag, 1. April, 19 Uhr im Rathaus anberaumt. Unter anderem wird \\xfcber zwei Bauantr\\xe4ge beraten und \\xfcber den Planentwurf der Bauleitplanun...",
    "filename": "https%3A%2F%2Fwww.infranken.de%2Fregional%2Fartikel_fuer_gemeinden%2Ferweiterungsbau-fuer-alte-schule-ist-thema%3Bart154303%2C4142153.json",
    "image_url": "https://www.infranken.de",
    "language": "de",
    "localpath": null,
    "source_domain": "www.infranken.de",
    "text": "Die n\\xe4chste Sitzung des Marktgemeinderates Lonnerstadt ist f\\xfcr Montag, 1. April, 19 Uhr im Rathaus anberaumt. Unter anderem wird \\xfcber zwei Bauantr\\xe4ge beraten und \\xfcber den Planentwurf der Bauleitplanung \"BA III\" sowie \\xfcber den Erweiterungsbau an der Alten Schule in Mailach gesprochen. red",
    "title": "Erweiterungsbau f\\xfcr Alte Schule ist Thema",
    "title_page": null,
    "title_rss": null,
    "url": "https://www.infranken.de/regional/artikel_fuer_gemeinden/erweiterungsbau-fuer-alte-schule-ist-thema;art154303,4142153"
}