{
    "authors": [
        "N",
        "Fr Tag"
    ],
    "date_download": "2019-04-01 03:04:28+00:00",
    "date_modify": null,
    "date_publish": null,
    "description": "Das zur\\xfcckliegende Jahr war im Bamberger Hafen von R\\xfcckg\\xe4ngen beim Schiffsg\\xfcter- und beim Bahnumschlag gepr\\xe4gt. Im September l\\xe4dt der Hafen interessierte B\\xfcrger wieder zu einem Hafenfest ein.",
    "filename": "https%3A%2F%2Fwww.infranken.de%2Fregional%2Fartikel_fuer_gemeinden%2Fduerre-liess-den-umschlag-sinken%3Bart154303%2C4142152.json",
    "image_url": "https://www.infranken.de/storage/image/8/5/8/8/3168858_default_1sEn6k_U7sGe3.jpg",
    "language": "de",
    "localpath": null,
    "source_domain": "www.infranken.de",
    "text": "2018 war in Deutschland das w\\xe4rmste und eines der trockensten Jahre seit Beginn der Wetteraufzeichnungen 1881. \\xdcber Monate fiel kaum Regen und der Wasserstand an Rhein und Donau sank auf Rekord-Tiefstwerte. Dies wirkte sich auch auf die Gesch\\xe4fte des Hafens Bamberg aus. Wie die Hafenverwaltung mitteilt, ging der Schiffsg\\xfcterumschlag \\xfcbers Jahr 2018 um 20,2 Prozent auf 215.673 t zur\\xfcck.\nMa\\xdfgeblich daf\\xfcr waren insbesondere R\\xfcckg\\xe4nge bei D\\xfcnger, Futtermittel, Steinen und Schrott. \\xdcber 35 Prozent des Schiffsg\\xfcterumschlags im \"bayernhafen Bamberg\" entfallen weiterhin auf land- und forstwirtschaftliche Erzeugnisse. Auch beim Bahnumschlag gab es einen R\\xfcckgang um 5,2 Prozent auf 305.238 Tonnen - verantwortlich daf\\xfcr sind insbesondere R\\xfcckg\\xe4nge der Umschlagsmengen bei Mineral\\xf6l und D\\xfcnger.\nZwei Millionen investiert\nAuch 2018 investierte der Hafen Bamberg, der zusammen mit den Hafen-Standorten Aschaffenburg, N\\xfcrnberg, Roth, Regensburg und Passau zur \"bayernhafen GmbH\" geh\\xf6rt, zwei Millionen Euro in den Standort Bamberg: So wurde 2018 ein Schr\\xe4g- in ein Senkrecht-Ufer umgewandelt und dadurch der Umschlag von und aufs Binnenschiff optimiert; zudem wurden im Hafenbahnhof die bestehenden Holzschwellen durch neue Betonschwellen ausgetauscht und der Kranpark um ein mobiles Umschlagger\\xe4t erweitert. \"Wir investieren zielgerichtet in unsere Infrastruktur und machen sie dadurch noch effizienter\", sagt Michaela W\\xf6hrl, Niederlassungsleiterin des bayernhafen Bamberg. \"F\\xfcr die Hafen-Kunden bedeute das noch mehr Verl\\xe4sslichkeit und Wirtschaftlichkeit bei der Planung ihrer logistischen Ketten.\nContainer-Umschlag steigt stark\nGute Nachrichten gibt es laut Hafenverwaltung vom Container-Umschlag. Mit 29\\xa0610 so genannten 20-Fu\\xdf-Containern wuchs der Umschlag gegen\\xfcber dem Vorjahr um deutliche 18 Prozent. Das KV-Terminal im bayernhafen Bamberg ist seit 2018 \\xfcber weitere Intermodalz\\xfcge mit der deutschen Nordseek\\xfcste verbunden: So geht es nun zweimal w\\xf6chentlich von und nach Wilhelmshaven und viermal w\\xf6chentlich von und nach Hamburg/Bremerhaven. Oberfrankens Unternehmen seien dadurch noch n\\xe4her am Weltmarkt - f\\xfcr den Import von Vorprodukten, Komponenten und Handelsg\\xfctern ebenso wie f\\xfcr den Export regionaler Produkte, stellt Michaela W\\xf6hrl fest.\nIm kombinierten Verkehr findet der Gro\\xdfteil des Transports auf der Schiene statt, der LKW sorgt f\\xfcr die regionale Verteilung, den sogenannten Vor- und R\\xfccklauf. Im bayernhafen Bamberg werden weiterhin spezielle Container umgeschlagen, in denen die Bahn Hausm\\xfcll f\\xfcr das M\\xfcllheizkraftwerk von Erlangen nach Bamberg transportiert.\nWie geht es in diesem Jahr weiter? F\\xfcr 2019 plant das Unternehmen in Bamberg weitere Investitionen \\xfcber 700\\xa0000 Euro, u.a. eine Optimierung der Stra\\xdfen, vorbereitende Ma\\xdfnahmen f\\xfcr Fl\\xe4chenerweiterungen und in die laufende Instandhaltung der Bahninfrastruktur.\nAuch bei den Kreuzfahrtschiffen machte sich der Supersommer mit der langen D\\xfcrre bemerkbar: 2018 legten im Hafen Bamberg 764 Kreuzfahrtschiffe mit einer Kapazit\\xe4t von rund 124\\xa0000 Passagieren an - ein R\\xfcckgang um f\\xfcnf Prozent gegen\\xfcber dem Vorjahr. F\\xfcr 2019 liegen Anmeldungen f\\xfcr \\xfcber 830 Hotelschiffe vor. In der Praxis bew\\xe4hrt haben sich laut Hafenverwaltung die gemeinsam mit der Stadt Bamberg und den Kreuzfahrtschiffbetreibern entwickelten L\\xf6sungen. Sie sollen die Interessen der Flusskreuzfahrtschiff-Touristen und der B\\xfcrgerinnen und B\\xfcrger besser miteinander vereinbaren. Dazu geh\\xf6ren u.a. kleinere Gruppen, verschiedene Routen und die Nutzung lokaler Produkte auf den Schiffen.\nDen Hafen \"live erleben\"\n2019 plant der Bamberger Hafen wieder ein Hafenfest. Unter dem Motto \"Hafen live erleben\" sind am Sonntag, 15. September, die B\\xfcrgerinnen und B\\xfcrger in den \"bayernhafen Bamberg\" eingeladen. Mit dabei sind wie schon beim Hafenfest 2012 verschiedene Unternehmen und Partner des Hafens, die den Besuchern spannende Einblicke gew\\xe4hren sowie faszinierende Technik zum Erleben.",
    "title": "D\\xfcrre lie\\xdf den Umschlag sinken",
    "title_page": null,
    "title_rss": null,
    "url": "https://www.infranken.de/regional/artikel_fuer_gemeinden/duerre-liess-den-umschlag-sinken;art154303,4142152"
}