{
    "authors": [
        "Patricia Grannum"
    ],
    "date_download": "2019-04-01 03:04:29+00:00",
    "date_modify": null,
    "date_publish": "2019-04-01 02:51:35",
    "description": "Zion Williamson\u2019s shoe exploded off of his foot during a game in February and it\u2019s still missing. TMZ reports that the shoe, a PG 2.5 PE sneaker is nowhere to be found. They asked ...",
    "filename": "https%3A%2F%2Fwww.inquisitr.com%2F5370280%2Fzion-williamson-nike-shoe%2F.json",
    "image_url": "https://cdn.inquisitr.com/wp-content/uploads/2019/03/zion-williamson.png",
    "language": null,
    "localpath": null,
    "source_domain": "www.inquisitr.com",
    "text": "Zion Williamson\u2019s shoe exploded off of his foot during a game in February and it\u2019s still missing. TMZ reports that the shoe, a PG 2.5 PE sneaker is nowhere to be found. They asked Williamson about its whereabouts and he directed them to speak to his coach at Duke University. TMZ says that they reached out to the Duke athletic department who said that they had no idea where they mangled shoe might be. A conversation with a rep from Nike did not bring any clarity to the situation either as they also said that they had no information about where the sneaker\u2019s location.\nThe shoe explosion was especially controversial because it caused Williamson to slip and hurt his knee. As Business Insider reports, after the incident, he limped off of the court and was not able to return and finish the game. As The Bleacher Report notes, Williamson is the top no. 1 draft pick prospect. As their article notes, he has a formidable mix of \u201cpower, quickness, and explosion,\u201d which can explain why his shoe disintegrated under the force of his movement.\nPresident Obama, who was at the game where the show fell apart tweeted about his injury after the game.\n\\r\n\\r\n\\r\n\\r\n\\r\n\\r\n\\r\n\\r\n\u201cZion Williamson seems like an outstanding young man as well as an outstanding basketball player,\u201d Obama wrote on Twitter \u201cWishing him a speedy recovery.\nIn a statement, Nike called described what happened to Williamson as an \u201cisolated\u201d incident.\n\u201cWe are obviously concerned and want to wish Zion a speedy recovery,\u201d the statement read, as reported by MSN News. \u201cThe quality and performance of our products are of utmost importance. While this is an isolated occurrence, we are working to identify the issue.\u201d\nAs Larry Brown Sports reports, social media users roasted Nike after footage of the incident was shared far and wide. CBS News reported that the athletic footwear giant\u2019s stock plummeted after the sneaker explosion. They estimated the loss at $1.1 billion.\n\\r\n\\r\n\\r\n\\r\n\\r\n\\r\n\\r\n\\r\nPerhaps Nike got its hands on the shoe and destroyed it to put the unfortunate memory behind them. But if you believe it still exists, there could be a hefty financial reward for the person who finds it.\nIf the shoe is out there, TMZ claims that it\u2019s worth more than $250,000. They spoke to Ken Goldin from Goldin Auctions, an appraiser who specializes in athletic memorabilia, who gave it that valuation.\n\u201cTo me, it\u2019s definitely a six-figure iconic piece,\u201d he said. \u201cIt\u2019s the most famous pair of sneakers in the world\u2026\u201d\nZion Williamson\\'s busted Nike shoe is missing \u2014 and you won\\'t believe how much it is worth: https://t.co/HmepN1bhtL pic.twitter.com/fu8yvxyrlr\n\u2014 Sporting News (@sportingnews) March 31, 2019\n\\r",
    "title": "Zion Williamson\u2019s Blown Out Nike Shoe Is Still Missing, It\u2019s Reportedly Worth $250,000",
    "title_page": null,
    "title_rss": null,
    "url": "https://www.inquisitr.com/5370280/zion-williamson-nike-shoe/"
}