{
    "authors": [
        "Josh West"
    ],
    "date_download": "2019-04-01 03:04:26+00:00",
    "date_modify": null,
    "date_publish": "2019-04-01 01:49:30",
    "description": "Actress Lori Loughlin, who has been perhaps the most prominent celebrity caught up in the nationwide college admissions cheating scandal which has made headlines for weeks, broke her silence on the ...",
    "filename": "https%3A%2F%2Fwww.inquisitr.com%2F5370329%2Flori-loughlin-responds-to-tmz-when-asked-if-shes-afraid-of-going-to-prison%2F.json",
    "image_url": "https://cdn.inquisitr.com/wp-content/uploads/2019/03/lori-loughlin-olivia-jade-6.jpg",
    "language": null,
    "localpath": null,
    "source_domain": "www.inquisitr.com",
    "text": "Actress Lori Loughlin, who has been perhaps the most prominent celebrity caught up in the nationwide college admissions cheating scandal which has made headlines for weeks, broke her silence on the topic Saturday when confronted by tabloid program TMZ, MSN reports. TMZ caught up with the 54-year-old Loughlin as she departed a yoga class in Los Angeles.\n\u201cI\u2019m sorry, I can\u2019t talk to you,\u201d she said to the notoriously-intrusive tabloid reporter behind the camera.\n\u201cYou can follow me around all day if you want, but I just can\u2019t comment right now. But thank you for your time.\u201d\n\\r\n\\r\n\\r\n\\r\n\\r\n\\r\n\\r\n\\r\nIn typical TMZ fashion, the cameraman persisted and continued firing away questions related to the scandal.\n\u201cAre you afraid of going to prison? Do you think you\u2019ll re-establish your relationship with your daughters?\u201d he asked. Meanwhile, Loughlin remained calm and nonplussed, though she still refused to reveal more about her thoughts on the situation. When the cameraman said that he wished her the best, she responded in a friendly fashion.\n\u201cYou have a beautiful day, thank you so much, thanks honey,\u201d she said.\nIn the video, the actress can be seen carrying a yoga mat with a tan purse. She is wearing a pink athletic long-sleeved top and grey leggings complimented by a pink visor. Sunglasses partially obscure her face. The video can be watched in its entirety at TMZ\u2018s website.\n\\r\n\\r\n\\r\n\\r\n\\r\n\\r\n\\r\n\\r\nLori Loughlin and Mossimo Giannulli spotted on Friday in Orange County in their first public appearance since their arrest. Things look\u2026 tense. pic.twitter.com/pcxW8fnCjz\n\u2014 \u039evan Ross Katz (@evanrosskatz) March 29, 2019\nLoughlin\u2019s impromptu interrogation came following only sporadic sightings of her and her family in the wake of the cheating scandal of which she has largely been the centerpiece. A source told PEOPLE recently that Loughlin, her husband Mossimo Giannulli, and their daughters Olivia Jade, 19, and Isabella Rose, 20, have been avoiding the public eye by sticking close to their Bel Air home as of late. The family is scheduled to appear in court on Wednesday to face a felony charge of conspiracy to commit mail fraud and honest services mail fraud.\n\u201cThey can\u2019t wait for the court hearing next week to be done with,\u201d the source said.\n\u201cIt\u2019s very hard for them to think about other things right now.\u201d\nAccording to a press release describing the crimes associated with the admissions scandal, dozens of individuals have been implicated in a conspiracy that enabled cheating on college entrance exams and the admission of students to elite universities as falsely-purported athletic recruits. These individuals, including Loughlin, were arrested by federal agents and charged in documents made public on March 12 in a federal court in Boston.\n\\r",
    "title": "Lori Loughlin Responds To \u2018TMZ\u2019 When Asked If She\u2019s Afraid Of Going To Prison",
    "title_page": null,
    "title_rss": null,
    "url": "https://www.inquisitr.com/5370329/lori-loughlin-responds-to-tmz-when-asked-if-shes-afraid-of-going-to-prison/"
}