{
    "authors": [
        "The Associated Press"
    ],
    "date_download": "2019-04-01 03:04:26+00:00",
    "date_modify": null,
    "date_publish": "2019-04-01 02:28:07",
    "description": null,
    "filename": "https%3A%2F%2Fwww.ourmidland.com%2Flottery%2Farticle%2FWinning-numbers-drawn-in-Badger-5-game-13730829.php.json",
    "image_url": "https://www.ourmidland.com/img/pages/article/opengraph_default.jpg",
    "language": null,
    "localpath": null,
    "source_domain": "www.ourmidland.com",
    "text": "Winning numbers drawn in \\'Badger 5\\' game\nMADISON, Wis. (AP) _ The winning numbers in Sunday evening\\'s drawing of the Wisconsin Lottery\\'s \"Badger 5\" game were:\n07-13-23-25-29\n(seven, thirteen, twenty-three, twenty-five, twenty-nine)\n\u00b6 Maximum prize: $45,000",
    "title": "Winning numbers drawn in 'Badger 5' game",
    "title_page": null,
    "title_rss": null,
    "url": "https://www.ourmidland.com/lottery/article/Winning-numbers-drawn-in-Badger-5-game-13730829.php"
}