{
    "authors": [],
    "date_download": "2019-04-01 03:04:23+00:00",
    "date_modify": null,
    "date_publish": "2019-04-01 02:39:04",
    "description": null,
    "filename": "https%3A%2F%2Fwww.ourmidland.com%2Fsports%2Farticle%2FFlames-Sharks-Sums-13730851.php.json",
    "image_url": "https://www.ourmidland.com/img/pages/article/opengraph_default.jpg",
    "language": null,
    "localpath": null,
    "source_domain": "www.ourmidland.com",
    "text": "Flames-Sharks Sums\nCalgary\n3 1 1\u20145\nSan Jose\n1 0 2\u20143\nFirst Period_1, San Jose, Meier 30 (Donskoi, Couture), 12:01. 2, Calgary, Monahan 34 (Andersson, Gaudreau), 14:58. 3, Calgary, Jankowski 12 (Neal, Czarnik), 15:29. 4, Calgary, Prout 1 (Hathaway, Mangiapane), 16:13. Penalties_Couture, SJ, (interference), 1:07.\nSecond Period_5, Calgary, Backlund 21 (Hanifin, Gaudreau), 7:27. Penalties_Gambrell, SJ, (hooking), 9:15; San Jose bench, served by Gambrell (too many men on the ice), 12:36; Giordano, CGY, (holding), 19:09.\nThird Period_6, San Jose, Couture 27 (Hertl, Meier), 5:23. 7, Calgary, Frolik 16 (Giordano, Tkachuk), 8:25. 8, San Jose, Labanc 15 (J.Ryan, Heed), 16:34. Penalties_Monahan, CGY, (hooking), 2:01; Braun, SJ, (tripping), 9:19; J.Ryan, SJ, (roughing), 13:05; Meier, SJ, (cross checking), 17:37; Haley, SJ, Misconduct (misconduct), 17:37.\nShots on Goal_Calgary 11-14-3_28. San Jose 6-3-6_15.\nPower-play opportunities_Calgary 0 of 6; San Jose 0 of 2.\nGoalies_Calgary, Smith 23-15-2 (15 shots-12 saves). San Jose, Dell 9-8-4 (28-23).\nA_17,313 (17,562). T_2:21.\nReferees_Dan O\\'Rourke, Kevin Pollock. Linesmen_Kory Nagy, Bryan Pancich.",
    "title": "Flames-Sharks Sums",
    "title_page": null,
    "title_rss": null,
    "url": "https://www.ourmidland.com/sports/article/Flames-Sharks-Sums-13730851.php"
}