{
    "authors": [
        "Bianca Dimaio",
        "N T T T T T"
    ],
    "date_download": "2019-04-01 03:04:33+00:00",
    "date_modify": null,
    "date_publish": "2019-03-31 21:30:26",
    "description": "PHILADELPHIA, PA --\\xc2\\xa0 The Colored Girls Museum is a hidden jewel tucked in an unassuming home in the Germantown section of the city. It might appear to be just another house on a residential street, but don't let its appearance fool you; this museum is a local must-see full of cherished items celebr...",
    "filename": "https%3A%2F%2Fphl17.com%2F2019%2F03%2F31%2Fthe-colored-girls-museum%2F.json",
    "image_url": "https://tribwphl.files.wordpress.com/2019/03/colored-girls-image.jpg?quality=85&strip=all&w=1200",
    "language": null,
    "localpath": null,
    "source_domain": "phl17.com",
    "text": "\\t\\t\n\\t\\t\nPHILADELPHIA, PA \u2014\\xc2\\xa0 The Colored Girls Museum is a hidden jewel tucked in an unassuming home in the Germantown section of the city. It might appear to be just another house on a residential street, but don\u2019t let its appearance fool you; this museum is a local must-see full of cherished items celebrating colored girls and educating visitors about her place in history and influence on society. Weekend Philler took a peek into some of the rooms in the museum as we got to admire all of the amazing artwork, murals and unique artifacts that all tell a story. Plus, the rooms are ever-changing as the exhibitions change throughout the year.\n\u201cThe Colored Girls Museum is sanctuary. And it is sanctuary for anybody who is ready and open to a conscious revolution. It\u2019s important to know everybody\u2019s story because it really just deepens your understanding of your own story. So, everybody should come to The Colored Girls Museum.\u201d Owner and Founder, Vashti DuBois describes an experience that anyone can enjoy.\nWatch the segment for more:\nFor tickets: thecoloredgirlsmuseum.com\n\\t\\t\n\\t",
    "title": "The Colored Girls Museum",
    "title_page": null,
    "title_rss": null,
    "url": "https://phl17.com/2019/03/31/the-colored-girls-museum/"
}