{
    "authors": [
        "Weekend Philler",
        "N T T T T T"
    ],
    "date_download": "2019-04-01 03:04:30+00:00",
    "date_modify": null,
    "date_publish": "2019-03-31 21:30:30",
    "description": "Women's Month may be coming to an end, but\\xc2\\xa0Weekend Philler is just getting started! In Weekend Philler Episode 315, we celebrate women's month by showcasing some of the most awesome women we've had the pleasure of interviewing.",
    "filename": "https%3A%2F%2Fphl17.com%2F2019%2F03%2F31%2Fweekend-philler-episode-315-girl-power%2F.json",
    "image_url": "https://tribwphl.files.wordpress.com/2019/03/weekend-philler-logo.jpg?quality=85&strip=all",
    "language": null,
    "localpath": null,
    "source_domain": "phl17.com",
    "text": "\\t\\t: you are using an outdated browser. Microsoft does not recommend using IE as your default browser . Some features on this website, like video and images, might not work properly. For the best experience, please upgrade your browser .\\t",
    "title": "Weekend Philler Episode 315: Girl Power!",
    "title_page": null,
    "title_rss": null,
    "url": "https://phl17.com/2019/03/31/weekend-philler-episode-315-girl-power/"
}