{
    "authors": [
        "R N T T T T T T T T T T T T T T T T T T T T T"
    ],
    "date_download": "2019-04-01 03:04:31+00:00",
    "date_modify": null,
    "date_publish": null,
    "description": "L\u2019amour, c\u2019est avant tout une question d\u2019hormone : l\u2019ocytocine. Une \u00e9tude montre qu\u2019elle aurait les m\u00eames effets sur le comportement et les \u00e9motions que l\\'alcool\u2026",
    "filename": "https%3A%2F%2Fwww.pourquoidocteur.fr%2FArticles%2FQuestion-d-actu%2F28731-Pourquoi-l-amour-rend-vraiment-ivre.json",
    "image_url": "https://www.pourquoidocteur.fr/media/article/couple-bienfaits-1554039685.jpg",
    "language": null,
    "localpath": null,
    "source_domain": "www.pourquoidocteur.fr",
    "text": "L\u2019ocytocine, c\u2019est l\u2019hormone de l\u2019amour. On dit d\u2019elle qu\u2019elle est l\u2019hormone du lien conjugal, de la confiance et de l\u2019attachement. Mais que fait-elle r\u00e9ellement ? C\u2019est une hormone peptidique produite par l\\'hypothalamus et s\u00e9cr\u00e9t\u00e9e par l\\'hypophyse post\u00e9rieure. Elle est ainsi lib\u00e9r\u00e9e dans le corps d\u00e8s le premier attachement, puis son taux augmenterait dans l\u2019organisme lorsque la confiance est l\u00e0 dans le couple. Bien s\u00fbr, c\u2019est aussi l\u2019hormone du plaisir puisqu\u2019elle est lib\u00e9r\u00e9e lors des baisers, de l\u2019orgasme, et de chaque moment \u00e0 deux en g\u00e9n\u00e9ral.\nC\u2019est une hormone qui a beaucoup \u00e9t\u00e9 \u00e9tudi\u00e9e, puisque l\\'ocytocine est \u00e9galement li\u00e9e \u00e0 l\\'accouchement (peut \u00eatre pour cr\u00e9er le lien entre la m\u00e8re et l\\'enfant). Les derni\u00e8res recherches ont prouv\u00e9 que l\u2019ocytocine aurait le m\u00eame effet\u2026 que l\u2019alcool ! C\u2019est la conclusion d\u2019un article paru dans Neuroscience and Biobehavioral Reviews.\nAlcool et ocytocine effacent la peur et le stress\nPour analyser les similitudes entre l\u2019alcool et l\u2019hormone de l\u2019amour, des chercheurs de l\\'universit\u00e9 de Birmingham ont compar\u00e9 les \u00e9tudes qui existent sur l\\'ocytocine et l\\'alcool. Ian Mittchell, le principal auteur de l\\'article, explique cette d\u00e9marche : \"nous pensions que c\\'\u00e9tait une aire qui m\u00e9ritait d\\'\u00eatre explor\u00e9e, alors nous avons compil\u00e9 la recherche existante sur les effets \u00e0 la fois de l\\'ocytocine et de l\\'alcool et nous avons \u00e9t\u00e9 frapp\u00e9s par les incroyables similarit\u00e9s entre les deux compos\u00e9s\".\nR\u00e9sultat ? Cette analyse a prouv\u00e9 que les similarit\u00e9s entre alcool et ocytocine seraient li\u00e9es \u00e0 des actions similaires dans le cerveau, comme l\\'explique Ian Mittchell : \"ils semblent cibler diff\u00e9rents r\u00e9cepteurs dans le cerveau, mais causent des actions communes sur la transmission du GABA dans le cortex pr\u00e9frontal et les structures limbiques. Ces circuits neuraux contr\u00f4lent la fa\u00e7on dont nous percevons le stress ou l\\'anxi\u00e9t\u00e9, en particulier dans des situations stressantes, comme des entretiens ou lors q\\'un rendez-vous amoureux.\" Les \u00e9tudes ont en effet prouv\u00e9 que l\\'administration intranasale de cette hormone est associ\u00e9e avec une augmentation de la g\u00e9n\u00e9rosit\u00e9 et de la confiance, tout en faisait baisser notre peur.\nUne hormone qui change notre comportement\nL\\'ocytocine procurerait donc les m\u00eames effets que l\\'alcool : elle encourage les comportements sociaux comme l\\'altruisme, la g\u00e9n\u00e9rosit\u00e9 et l\\'empathie, et nous permet d\\'accorder notre confiance aux autres. Voil\u00e0 pourquoi, tout comme l\u2019alcool, l\u2019amour peu nous faire faire des choses dont on ne se penserait jamais capable un jour. Mais l\\'hormone a aussi sa face sombre : comme l\\'alcool, elle peut nous faire adopter des comportements agressifs dans des situations qui ne le m\u00e9riterait pas, et nous inciter \u00e0 la col\u00e8re. L\u2019Int\u00e9r\u00eat de cette \u00e9tude ? L\\'ocytocine pourrait \u00eatre une solution pour traiter certaines maladies comme la d\u00e9pression\u2026 si elle est bien encadr\u00e9e m\u00e9dicalement.",
    "title": "Pourquoi l\\'amour rend vraiment ivre",
    "title_page": null,
    "title_rss": null,
    "url": "https://www.pourquoidocteur.fr/Articles/Question-d-actu/28731-Pourquoi-l-amour-rend-vraiment-ivre"
}